bella@gmail.com,111,Isa,A,A,1
juca1@juca1.com,juca,juca,juca,juca,2
neres@neres.com,12,neres,neres,neres,3
joao@joao.com,joao,joao,joao,joao,4
lana2,1,lana,Xesque,Dele,5
email,senha,s,s,s,6
kaster@.com,kaster,kaster,kaster,kaster,7
hans2@hans2.com,senha,hans,hans,hans,8
